{"cameraMode":{"drawMode":0,"name":"Shaded","section":"Shading Mode"},"sceneLighting":true,"audioPlay":false,"sceneViewState":{"m_AlwaysRefresh":true,"showFog":true,"showSkybox":true,"showFlares":true,"showImageEffects":true,"showParticleSystems":true,"showVisualEffectGraphs":true,"m_FxEnabled":true},"in2DMode":false,"pivot":{"x":0.6497716903686523,"y":-0.13714981079101563,"z":6.885125160217285},"rotation":{"x":0.2721312940120697,"y":-0.5547279715538025,"z":0.19841496646404267,"w":0.7608239650726318},"size":11.414752006530762,"orthographic":false}